대학,학부(학과),전공
인문대학,아시아·중동어문학부,중어중문학전공
인문대학,아시아·중동어문학부,일어일문학전공
인문대학,아시아·중동어문학부,아랍지역학전공
인문대학,아시아·중동어문학부,글로벌한국어학전공
인문대학,인문콘텐츠학부,국어국문학전공
인문대학,인문콘텐츠학부,영어영문학전공
인문대학,인문콘텐츠학부,미술사·역사학전공
인문대학,인문콘텐츠학부,문헌정보학전공
인문대학,인문콘텐츠학부,글로벌문화콘텐츠학전공
인문대학,문예창작학과,
인문대학,사학과,
인문대학,미술사학과,
인문대학,철학과,
사회과학대학,공공인재학부,행정학전공
사회과학대학,공공인재학부,정치외교학전공
사회과학대학,경상·통계학부,경제학전공
사회과학대학,경상·통계학부,국제통상학전공
사회과학대학,경상·통계학부,응용통계학전공
사회과학대학,법학과,
경영대학,경영학부,경영학전공
경영대학,경영학부,글로벌비즈니스학전공
경영대학,경영정보학과,
경영대학,국제통상학과,
미디어·휴먼라이프대학,디지털미디어학부,
미디어·휴먼라이프대학,청소년지도·아동학부,청소년지도학전공
미디어·휴먼라이프대학,청소년지도·아동학부,아동학전공
인공지능·소프트웨어융합대학,융합소프트웨어학부,응용소프트웨어전공
인공지능·소프트웨어융합대학,융합소프트웨어학부,데이터사이언스전공
인공지능·소프트웨어융합대학,융합소프트웨어학부,인공지능전공
인공지능·소프트웨어융합대학,디지털콘텐츠디자인학과,
미래융합대학,창의융합인재학부,
미래융합대학,사회복지학과,
미래융합대학,부동산학과,
미래융합대학,법무행정학과,
미래융합대학,심리치료학과,
미래융합대학,미래융합경영학과,
미래융합대학,멀티디자인학과,
미래융합대학,회계세무학과,
미래융합대학,계약학과,
미래융합대학,아너칼리지(전공자유대학),
미래융합대학,자율전공학부(인문),
미래융합대학,자율전공학부(자연),
화학·생명과학대학,화학·에너지융합학부,화학나노학전공
화학·생명과학대학,화학·에너지융합학부,융합에너지학전공
화학·생명과학대학,융합바이오학부,식품영양학전공
화학·생명과학대학,융합바이오학부,시스템생명과학전공
화학·생명과학대학,물리학과,
화학·생명과학대학,수학과,
스마트시스템 공과대학,화공신소재공학부,화학공학전공
스마트시스템 공과대학,화공신소재공학부,신소재공학전공
스마트시스템 공과대학,스마트인프라공학부,환경시스템공학전공
스마트시스템 공과대학,스마트인프라공학부,건설환경공학전공
스마트시스템 공과대학,스마트인프라공학부,스마트모빌리티공학전공
스마트시스템 공과대학,스마트인프라공학부,GLOBAL SMART INFRASTRUCTURE ENGINEERING MAJOR
스마트시스템 공과대학,기계시스템공학부,기계공학전공
스마트시스템 공과대학,기계시스템공학부,로봇공학전공
반도체·ICT대학,컴퓨터정보통신공학부,컴퓨터공학전공
반도체·ICT대학,컴퓨터정보통신공학부,정보통신공학전공
반도체·ICT대학,전기전자공학부,전기공학전공
반도체·ICT대학,전기전자공학부,전자공학전공
반도체·ICT대학,반도체공학부,
반도체·ICT대학,산업경영공학과,
스포츠·예술대학,디자인학부,비주얼커뮤니케이션디자인전공
스포츠·예술대학,디자인학부,인더스트리얼디자인전공
스포츠·예술대학,디자인학부,영상애니메이션디자인전공
스포츠·예술대학,디자인학부,패션디자인전공
스포츠·예술대학,스포츠학부,체육학전공
스포츠·예술대학,스포츠학부,스포츠산업학전공
스포츠·예술대학,스포츠학부,스포츠지도학전공
스포츠·예술대학,아트앤멀티미디어음악학부,건반음악전공
스포츠·예술대학,아트앤멀티미디어음악학부,보컬뮤직전공
스포츠·예술대학,아트앤멀티미디어음악학부,작곡전공
스포츠·예술대학,공연예술학부,연극·영화전공
스포츠·예술대학,공연예술학부,뮤지컬공연전공
스포츠·예술대학,바둑학과,
건축대학,건축학부,건축학전공
건축대학,건축학부,전통건축전공
건축대학,공간디자인학과,
방목기초교육대학,,